-- MySQL Script generated by MySQL Workbench
-- Tue Apr 30 11:47:23 2024
-- Model: New Model    Version: 1.0
-- MySQL Workbench Forward Engineering

SET @OLD_UNIQUE_CHECKS=@@UNIQUE_CHECKS, UNIQUE_CHECKS=0;
SET @OLD_FOREIGN_KEY_CHECKS=@@FOREIGN_KEY_CHECKS, FOREIGN_KEY_CHECKS=0;
SET @OLD_SQL_MODE=@@SQL_MODE, SQL_MODE='ONLY_FULL_GROUP_BY,STRICT_TRANS_TABLES,NO_ZERO_IN_DATE,NO_ZERO_DATE,ERROR_FOR_DIVISION_BY_ZERO,NO_ENGINE_SUBSTITUTION';

-- -----------------------------------------------------
-- Schema LXZAM_Haven
-- -----------------------------------------------------
DROP SCHEMA IF EXISTS `LXZAM_Haven` ;

-- -----------------------------------------------------
-- Schema LXZAM_Haven
-- -----------------------------------------------------
CREATE SCHEMA IF NOT EXISTS `LXZAM_Haven` DEFAULT CHARACTER SET utf8 ;
USE `LXZAM_Haven` ;

-- -----------------------------------------------------
-- Table `LXZAM_Haven`.`Haven`
-- -----------------------------------------------------
DROP TABLE IF EXISTS `LXZAM_Haven`.`Haven` ;

CREATE TABLE IF NOT EXISTS `LXZAM_Haven`.`Haven` (
  `idHaven` INT NOT NULL AUTO_INCREMENT,
  `Naam` VARCHAR(45) NOT NULL,
  `Land` VARCHAR(45) NOT NULL,
  `Stad` VARCHAR(40) NOT NULL,
  `aantalDokken` TINYINT(8) NOT NULL,
  PRIMARY KEY (`idHaven`))
ENGINE = InnoDB;


-- -----------------------------------------------------
-- Table `LXZAM_Haven`.`Schip`
-- -----------------------------------------------------
DROP TABLE IF EXISTS `LXZAM_Haven`.`Schip` ;

CREATE TABLE IF NOT EXISTS `LXZAM_Haven`.`Schip` (
  `idSchip` INT NOT NULL AUTO_INCREMENT,
  `Naam` VARCHAR(45) NOT NULL,
  `Type` VARCHAR(20) NOT NULL,
  `Lengte` DOUBLE NOT NULL,
  `Breedte` DOUBLE NOT NULL,
  `Capaciteit` INT(10) NOT NULL,
  PRIMARY KEY (`idSchip`))
ENGINE = InnoDB;


-- -----------------------------------------------------
-- Table `LXZAM_Haven`.`Product`
-- -----------------------------------------------------
DROP TABLE IF EXISTS `LXZAM_Haven`.`Product` ;

CREATE TABLE IF NOT EXISTS `LXZAM_Haven`.`Product` (
  `idProduct` INT NOT NULL AUTO_INCREMENT,
  `Naam` VARCHAR(45) NOT NULL,
  `TotaalGewichtKG` DOUBLE NOT NULL,
  `TypeVerpakking` VARCHAR(45) NOT NULL,
  PRIMARY KEY (`idProduct`))
ENGINE = InnoDB;


-- -----------------------------------------------------
-- Table `LXZAM_Haven`.`Route`
-- -----------------------------------------------------
DROP TABLE IF EXISTS `LXZAM_Haven`.`Route` ;

CREATE TABLE IF NOT EXISTS `LXZAM_Haven`.`Route` (
  `idSchip` INT NOT NULL,
  `idHaven` INT NOT NULL,
  `idRoute` INT NOT NULL AUTO_INCREMENT,
  `VertrekDatum` DATETIME NOT NULL,
  `AankomstDatum` DATETIME NOT NULL,
  `AfstandKM` DOUBLE NOT NULL,
  PRIMARY KEY (`idRoute`),
  CONSTRAINT `fk_Boot_has_Haven_Boot`
    FOREIGN KEY (`idSchip`)
    REFERENCES `LXZAM_Haven`.`Schip` (`idSchip`)
    ON DELETE NO ACTION
    ON UPDATE NO ACTION,
  CONSTRAINT `fk_Boot_has_Haven_Haven1`
    FOREIGN KEY (`idHaven`)
    REFERENCES `LXZAM_Haven`.`Haven` (`idHaven`)
    ON DELETE NO ACTION
    ON UPDATE NO ACTION)
ENGINE = InnoDB;

CREATE INDEX `fk_Boot_has_Haven_Haven1_idx` ON `LXZAM_Haven`.`Route` (`idHaven` ASC) VISIBLE;

CREATE INDEX `fk_Boot_has_Haven_Boot_idx` ON `LXZAM_Haven`.`Route` (`idSchip` ASC) VISIBLE;


-- -----------------------------------------------------
-- Table `LXZAM_Haven`.`ProductPerRoute`
-- -----------------------------------------------------
DROP TABLE IF EXISTS `LXZAM_Haven`.`ProductPerRoute` ;

CREATE TABLE IF NOT EXISTS `LXZAM_Haven`.`ProductPerRoute` (
  `idRoute` INT NOT NULL,
  `idProduct` INT NOT NULL,
  `AantalProduct` INT NOT NULL,
  PRIMARY KEY (`idRoute`, `idProduct`),
  CONSTRAINT `fk_Vracht_has_Route_Vracht1`
    FOREIGN KEY (`idRoute`)
    REFERENCES `LXZAM_Haven`.`Product` (`idProduct`)
    ON DELETE NO ACTION
    ON UPDATE NO ACTION,
  CONSTRAINT `fk_Vracht_has_Route_Route1`
    FOREIGN KEY (`idProduct`)
    REFERENCES `LXZAM_Haven`.`Route` (`idSchip`)
    ON DELETE NO ACTION
    ON UPDATE NO ACTION)
ENGINE = InnoDB;

CREATE INDEX `fk_Vracht_has_Route_Route1_idx` ON `LXZAM_Haven`.`ProductPerRoute` (`idProduct` ASC) VISIBLE;

CREATE INDEX `fk_Vracht_has_Route_Vracht1_idx` ON `LXZAM_Haven`.`ProductPerRoute` (`idRoute` ASC) VISIBLE;


SET SQL_MODE=@OLD_SQL_MODE;
SET FOREIGN_KEY_CHECKS=@OLD_FOREIGN_KEY_CHECKS;
SET UNIQUE_CHECKS=@OLD_UNIQUE_CHECKS;

-- -----------------------------------------------------
-- Data for table `LXZAM_Haven`.`Haven`
-- -----------------------------------------------------
START TRANSACTION;
USE `LXZAM_Haven`;
INSERT INTO `LXZAM_Haven`.`Haven` (`idHaven`, `Naam`, `Land`, `Stad`, `aantalDokken`) VALUES (1, 'Haven van Antwerpen', 'Belgie', 'Antwerpen', 48);
INSERT INTO `LXZAM_Haven`.`Haven` (`idHaven`, `Naam`, `Land`, `Stad`, `aantalDokken`) VALUES (2, 'Haven van Rotterdam', 'Nederland', 'Rotterdam', 98);
INSERT INTO `LXZAM_Haven`.`Haven` (`idHaven`, `Naam`, `Land`, `Stad`, `aantalDokken`) VALUES (3, 'Haven van London', 'Verenigd Koninkrijk', 'London', 53);
INSERT INTO `LXZAM_Haven`.`Haven` (`idHaven`, `Naam`, `Land`, `Stad`, `aantalDokken`) VALUES (4, 'Haven van Barcelona', 'Spanje', 'Barcelona', 63);
INSERT INTO `LXZAM_Haven`.`Haven` (`idHaven`, `Naam`, `Land`, `Stad`, `aantalDokken`) VALUES (5, 'Haven van Singapore', 'Singapore', 'Singapore', 82);
INSERT INTO `LXZAM_Haven`.`Haven` (`idHaven`, `Naam`, `Land`, `Stad`, `aantalDokken`) VALUES (6, 'Haven van New York', 'Verenigde Staten', 'New York', 105);

COMMIT;


-- -----------------------------------------------------
-- Data for table `LXZAM_Haven`.`Schip`
-- -----------------------------------------------------
START TRANSACTION;
USE `LXZAM_Haven`;
INSERT INTO `LXZAM_Haven`.`Schip` (`idSchip`, `Naam`, `Type`, `Lengte`, `Breedte`, `Capaciteit`) VALUES (1, 'Evergreen', 'Vrachtschip', 1200, 300, 10000);
INSERT INTO `LXZAM_Haven`.`Schip` (`idSchip`, `Naam`, `Type`, `Lengte`, `Breedte`, `Capaciteit`) VALUES (2, 'Banana', 'Vrachtschip', 700, 200, 8000);
INSERT INTO `LXZAM_Haven`.`Schip` (`idSchip`, `Naam`, `Type`, `Lengte`, `Breedte`, `Capaciteit`) VALUES (3, 'Season Of The Seas', 'Cruiseschip', 800, 300, 1000);
INSERT INTO `LXZAM_Haven`.`Schip` (`idSchip`, `Naam`, `Type`, `Lengte`, `Breedte`, `Capaciteit`) VALUES (4, 'Likea', 'Jachtschip', 40, 10, 15);
INSERT INTO `LXZAM_Haven`.`Schip` (`idSchip`, `Naam`, `Type`, `Lengte`, `Breedte`, `Capaciteit`) VALUES (5, 'Reason', 'Vrachtschip', 900, 350, 9000);

COMMIT;


-- -----------------------------------------------------
-- Data for table `LXZAM_Haven`.`Product`
-- -----------------------------------------------------
START TRANSACTION;
USE `LXZAM_Haven`;
INSERT INTO `LXZAM_Haven`.`Product` (`idProduct`, `Naam`, `TotaalGewichtKG`, `TypeVerpakking`) VALUES (1, 'Auto\'s', 100000, 'Container');
INSERT INTO `LXZAM_Haven`.`Product` (`idProduct`, `Naam`, `TotaalGewichtKG`, `TypeVerpakking`) VALUES (2, 'Speelgoed', 5214, 'Kratten');
INSERT INTO `LXZAM_Haven`.`Product` (`idProduct`, `Naam`, `TotaalGewichtKG`, `TypeVerpakking`) VALUES (3, 'Boeken', 4365, 'Container');
INSERT INTO `LXZAM_Haven`.`Product` (`idProduct`, `Naam`, `TotaalGewichtKG`, `TypeVerpakking`) VALUES (4, 'Fietsen', 42016, 'Container');
INSERT INTO `LXZAM_Haven`.`Product` (`idProduct`, `Naam`, `TotaalGewichtKG`, `TypeVerpakking`) VALUES (5, 'Pennen', 1042, 'Plastic');

COMMIT;


-- -----------------------------------------------------
-- Data for table `LXZAM_Haven`.`Route`
-- -----------------------------------------------------
START TRANSACTION;
USE `LXZAM_Haven`;
INSERT INTO `LXZAM_Haven`.`Route` (`idSchip`, `idHaven`, `idRoute`, `VertrekDatum`, `AankomstDatum`, `AfstandKM`) VALUES (1, 6, 1, '2023/10/10', '2023/10/15', 34232);
INSERT INTO `LXZAM_Haven`.`Route` (`idSchip`, `idHaven`, `idRoute`, `VertrekDatum`, `AankomstDatum`, `AfstandKM`) VALUES (2, 5, 2, '2023/10/1', '2023/10/7', 42135);
INSERT INTO `LXZAM_Haven`.`Route` (`idSchip`, `idHaven`, `idRoute`, `VertrekDatum`, `AankomstDatum`, `AfstandKM`) VALUES (3, 4, 3, '2023/10/4', '2023/10/16', 12542);
INSERT INTO `LXZAM_Haven`.`Route` (`idSchip`, `idHaven`, `idRoute`, `VertrekDatum`, `AankomstDatum`, `AfstandKM`) VALUES (4, 3, 4, '2023/10/23', '2023/10/30', 23451);
INSERT INTO `LXZAM_Haven`.`Route` (`idSchip`, `idHaven`, `idRoute`, `VertrekDatum`, `AankomstDatum`, `AfstandKM`) VALUES (5, 2, 5, '2023/10/10', '2023/10/17', 4234);
INSERT INTO `LXZAM_Haven`.`Route` (`idSchip`, `idHaven`, `idRoute`, `VertrekDatum`, `AankomstDatum`, `AfstandKM`) VALUES (5, 1, 6, '2024/02/27', '2024/03/01', 42134);
INSERT INTO `LXZAM_Haven`.`Route` (`idSchip`, `idHaven`, `idRoute`, `VertrekDatum`, `AankomstDatum`, `AfstandKM`) VALUES (4, 2, 7, '2024/02/22', '2024/03/04', 4123);
INSERT INTO `LXZAM_Haven`.`Route` (`idSchip`, `idHaven`, `idRoute`, `VertrekDatum`, `AankomstDatum`, `AfstandKM`) VALUES (3, 3, 8, '2024/03/27', '2024/03/30', 22314);
INSERT INTO `LXZAM_Haven`.`Route` (`idSchip`, `idHaven`, `idRoute`, `VertrekDatum`, `AankomstDatum`, `AfstandKM`) VALUES (2, 4, 9, '2024/03/27', '2024/04/04', 3474);
INSERT INTO `LXZAM_Haven`.`Route` (`idSchip`, `idHaven`, `idRoute`, `VertrekDatum`, `AankomstDatum`, `AfstandKM`) VALUES (1, 5, 10, '2024/03/27', '2024/04/13', 12395);

COMMIT;


-- -----------------------------------------------------
-- Data for table `LXZAM_Haven`.`ProductPerRoute`
-- -----------------------------------------------------
START TRANSACTION;
USE `LXZAM_Haven`;
INSERT INTO `LXZAM_Haven`.`ProductPerRoute` (`idRoute`, `idProduct`, `AantalProduct`) VALUES (1, 1, 524);
INSERT INTO `LXZAM_Haven`.`ProductPerRoute` (`idRoute`, `idProduct`, `AantalProduct`) VALUES (2, 2, 685);
INSERT INTO `LXZAM_Haven`.`ProductPerRoute` (`idRoute`, `idProduct`, `AantalProduct`) VALUES (3, 3, 932);
INSERT INTO `LXZAM_Haven`.`ProductPerRoute` (`idRoute`, `idProduct`, `AantalProduct`) VALUES (4, 4, 546);
INSERT INTO `LXZAM_Haven`.`ProductPerRoute` (`idRoute`, `idProduct`, `AantalProduct`) VALUES (5, 5, 234);
INSERT INTO `LXZAM_Haven`.`ProductPerRoute` (`idRoute`, `idProduct`, `AantalProduct`) VALUES (1, 5, 123);
INSERT INTO `LXZAM_Haven`.`ProductPerRoute` (`idRoute`, `idProduct`, `AantalProduct`) VALUES (2, 3, 842);
INSERT INTO `LXZAM_Haven`.`ProductPerRoute` (`idRoute`, `idProduct`, `AantalProduct`) VALUES (3, 4, 912);
INSERT INTO `LXZAM_Haven`.`ProductPerRoute` (`idRoute`, `idProduct`, `AantalProduct`) VALUES (4, 2, 430);
INSERT INTO `LXZAM_Haven`.`ProductPerRoute` (`idRoute`, `idProduct`, `AantalProduct`) VALUES (5, 1, 723);

COMMIT;

